

# 数据库命令

## 启动/关闭数据库命令

```mysql
net stop mysql57
net start mysql57
```



## 进入数据库命令

```mysql
mysql -u root -p
# root指管理员身份
```



## 创建data文件夹

> 创建文件夹时一定要以管理员身份打开文件夹

在C:\Program Files\MySQL\MySQL Server 5.7\bin路径下调用如下命令：

```mysql
mysqld --initialize-insecure --user=root
```



## 显示所有的仓库

```mysql
show databases;
```



## 创建数据库

```mysql
# 普通
create database student;
# 也可以加上反引号
create database `student`;
# 当使用关键字当作数据库的名字时，必须使用反引号，但是很显然，不符合规范
create database `database`;
# 有逼格的创建方法
create database if not exists student;
create database if not exists `student`;
```



## 删除数据库

```mysql
drop database student;
drop database if exists student;
drop database if exists `database`;
```



## 获取仓库创建的语句

```mysql
show create database student;
```



## 字符编码

```mysql
# 创建数据库时设置字符编码,win下改成gbk编码（简体中文），但是实际开发中一律utf8
create database if not exists `student` charset=gbk;

# 可以使用如下命令查看数据库的字符编码
show create database student;
```



## 更改数据库

```mysql
alter database student charset=gbk;
```





# 表的命令

## 进入一个数据库，进行操作

```mysql
use database frank_school;
# 显示该数据库中的所有表
show tables;
```



## 创建表

```mysql
# 下面的操作在 use database 之后
create table student(
    id int,
    name varchar(),   # 注意此处varchar一定要跟上数值
    age int
    );
show tables;


# 有B格的创建方式
create table student(
    id int auto_increment primary key comment'主键id',
    name varchar(30) not null comment'老师的名字',
    phone varchar(20) comment'电话号码',
    address varchar(100) default '暂时未知' comment '地址',
    )engine=innodb;


id name phone address # 字段
auto_increment  # 自动增长 自动增长的一定是主键，主键不一定自动增长
# 一旦写了auto_increment, 删除了主键为3的，就不能再添加主键为3的了

primary key # 主键 最重要的 靠他来区分学生
comment  # 注释
not null # 不能为空
default # 默认值
engine  # 数据库引擎

```



## 查看表的结构

```mysql
desc student;
desc teacher;
```



## 删除表

```mysql
drop table if exists iii,uuu,kkk;
```

#### 有限制地删除

```mysql
drop table <表名> [restrict|cascade]；
```

- restrict表明删除表是有限制的，欲删除的基本表不能被其他表的约束所引用。如果存在依赖该表的对象，则此表不能被删除。
- cascade表明删除该表没有限制。在删除基本表的同时，相关的依赖对象一起删除。





## 更改表

> alter + table + 表名 +add/drop + 字段名

#### 增加字段

```mysql
alter table student add gender varchar(1) after id;# 好像没有before？？
# 也可以直接放在第一个  使用first
# 不写增加的位置，表明在最后增加
```



#### 增加约束条件

```mysql
alter table course add unique(Cname);
# 给course表的Cname列增加unique属性
```



#### 更改字段名

```mysql

```



#### 更改字段类型

```mysql
# 将字段类型改为varchar(20)且可以为空(插入数据之后还可以使用)
alter table teacher modify tel_phone varchar(20) null;
```

**不能**同时更改两个字段名，用逗号隔开。



#### 删减

```mysql
alter table student drop gender;
```





# 数据操作



## 插入数据

### 基本操作

```mysql
# 先选择一个数据库database使用
use frank_school;
insert into teacher (id, name, phone, address) values (1, 'shenchen', '15890702212', 'Zhumadian');

# 插入数据使用insert 时，表名前不必加tableS
# 也可以不写前面的,那么后面的就是默认顺序
insert into teacher values (2, 'jeff', '122332465', 'BeiJing');

# 也可以不写auto_increment的id，只是前面不能省略，要一一对应
insert into teacher (name, tel_phone, address) values ('Alice', null, default);

# 顺序也可以乱，只是前后要一一对应
insert into teacher (name,phone, address, id) values ('Tom', '874651661', 'NanJing', 3);


# 查询所有数据
select * from teacher;

```

*插入数据之后，如何更改数据类型？*



### 一次性插入多条数据

```mysql
insert into teacher values () # 这样写要写id
insert into teacher (name, tel_phone, address) values (), ();
```





## 删除数据

```mysql
delete from teacher where id = 7;
  					where id > 4;
  					
# 删除所有的数据
delete from teacher; # 这种删除数据的方式是 for语句遍历删除，效率比较低，不推荐
# 若使用delete删除数据，下次再插入数据时，数据id不是从1开始的

# 删除原先的表，再创建一个一模一样的表，但是没有数据
truncate table teacher;
```



## 更新表数据

```mysql
update teacher set name = 'James', tel_phone = '15836637628' where id = 4;# where A or B
# 若没有where，则所有数据的字段都会变化，十分悲惨
```



## 查询表数据

```mysql
# 两种基本方法
select name, address from teacher;
select * from teacher; 
```



# SQL语句区分

- DDL	data definition language 数据库定义语言 create alter drop show 
- DML    data manipulation language 数据操纵语言 insert update delete select
- DCL    data control language   GRANT 和 REVOKE



# 显示字符编码

```mysql
show variables like 'character_set_%;
# 改变客户端字符编码
set character_set_client=gbk;

# 有影响的两个,在win上要改成gbk，但实际开发一定是utf8
character_set_client;
character_set_results;

```







# mysql数据类型

> 数据类型没有一个统一的标准，但应该符合业务项目的逻辑标准



## 数值类型



| 类型         | 大小                                     | 范围（有符号）                                               | 范围（无符号）                                               | 用途            |
| ------------ | ---------------------------------------- | ------------------------------------------------------------ | ------------------------------------------------------------ | --------------- |
| TINYINT      | 1 byte                                   | (-128，127)                                                  | (0，255)                                                     | 小整数值        |
| SMALLINT     | 2 bytes                                  | (-32 768，32 767)                                            | (0，65 535)                                                  | 大整数值        |
| MEDIUMINT    | 3 bytes                                  | (-8 388 608，8 388 607)                                      | (0，16 777 215)                                              | 大整数值        |
| INT或INTEGER | 4 bytes                                  | (-2 147 483 648，2 147 483 647)                              | (0，4 294 967 295)                                           | 大整数值        |
| BIGINT       | 8 bytes                                  | (-9,223,372,036,854,775,808，9 223 372 036 854 775 807)      | (0，18 446 744 073 709 551 615)                              | 极大整数值      |
| FLOAT        | 4 bytes                                  | (-3.402 823 466 E+38，-1.175 494 351 E-38)，0，(1.175 494 351 E-38，3.402 823 466 351 E+38) | 0，(1.175 494 351 E-38，3.402 823 466 E+38)                  | 单精度 浮点数值 |
| DOUBLE       | 8 bytes                                  | (-1.797 693 134 862 315 7 E+308，-2.225 073 858 507 201 4 E-308)，0，(2.225 073 858 507 201 4 E-308，1.797 693 134 862 315 7 E+308) | 0，(2.225 073 858 507 201 4 E-308，1.797 693 134 862 315 7 E+308) | 双精度 浮点数值 |
| DECIMAL      | 对DECIMAL(M,D) ，如果M>D，为M+2否则为D+2 | 依赖于M和D的值                                               | 依赖于M和D的值                                               | 小数值          |

注：若是无符号，则后面加上unsigned



### 整数类型注意事项

定义为tinyint类型，则数据不能超过128；但是若定义为int(6), 则数据位数可以超过6，即可以为99999999，也不报错（因为int类型上限数据宽度是11）



### 浮点类型注意事项

```mysql
create table t_1(
    number_1 float(3,1),# float(总位数，小数位数)
    number_2 double(5,2),# double 同理
);
# 小数位数超越时，会采取四舍五入的方式
```

当输入的数据超出限定位数时，浮点数会产生精度丢失，所以不能用来存储**钱**。

```mysql
create table t_1(
    number_1 float(20,19),
    number_2 double(20,19)
    );
insert into t_1 values (2.111111111111111111111111111111,5.6666666666666666666666666666666);

# 结果如下所示
select * from t_1;

2.1111111640930176000 |  5.6666666666666670000
# 产生了精度丢失！！！！！
```

*为什么会产生精度丢失？*




为了避免精度丢失，我们使用decimal数据类型进行存储

```mysql
show create table t_3;
+-------+-----------------------------------------------------------------------------+
| Table | Create Table                                                                                   |
+-------+-----------------------------------------------------------------------------+
| t_3   | CREATE TABLE `t_3` (
  `money` decimal(20,19) DEFAULT NULL
) ENGINE=InnoDB DEFAULT CHARSET=gbk |
+-------+-----------------------------------------------------------------------------+

insert into t_3 values (2.111111111111111111111111111);

# 结果如下、

select * from t_3;
+-----------------------+
| money                 |
+-----------------------+
| 2.1111111111111111111 |
+-----------------------+
1 row in set (0.00 sec)
# 没有精度丢失！！
```



## 字符串与文本类型

| 类型       | 大小                  | 用途                            |
| ---------- | --------------------- | ------------------------------- |
| CHAR       | 0-255 bytes           | 定长字符串                      |
| VARCHAR    | 0-65535 bytes         | 变长字符串                      |
| TINYBLOB   | 0-255 bytes           | 不超过 255 个字符的二进制字符串 |
| TINYTEXT   | 0-255 bytes           | 短文本字符串                    |
| BLOB       | 0-65 535 bytes        | 二进制形式的长文本数据          |
| TEXT       | 0-65 535 bytes        | 长文本数据                      |
| MEDIUMBLOB | 0-16 777 215 bytes    | 二进制形式的中等长度文本数据    |
| MEDIUMTEXT | 0-16 777 215 bytes    | 中等长度文本数据                |
| LONGBLOB   | 0-4 294 967 295 bytes | 二进制形式的极大文本数据        |
| LONGTEXT   | 0-4 294 967 295 bytes | 极大文本数据                    |

注：1. char()与varchar()中的数字是指字符的个数，而不是字节个数

​        2. **总结起来，有几点：**

-  经常变化的字段用 varchar
-  知道固定长度的用 char
-  尽量用 varchar
-  超过 255 字符的只能用 varchar 或者 text
-  能用 varchar 的地方不用 text





## 布尔类型

```mysql
create table t_4(
    fff boolean 
    );
insert into t_4 values (true);

select * from t_4;
+------+
| fff  |
+------+
|    0 |
+------+
```





## 枚举类型（单选）

> 只能取这几个中的一个，不能取别的

```mysql
create table t_5(
    gender enum ('man','woman','?','nothing','it')
    );
    
insert into t_5 values ('man');
select * from t_5;
# 结果如下
+--------+
| gender |
+--------+
| man    |
+--------+
```



### 枚举类型的存储方式

```mysql
# 利用整数进行存取，第一个是1而不是0
# 接上
insert into t_5 values (2);
select * from t_5;
# 结果如下

+--------+
| gender |
+--------+
| man    |
| woman  |
+--------+
```

好处：快，每次存取数字，存储节省空间



## set类型（多选）

> 相当于可以插入多个数据的枚举类型
>
> 插入多个数据时，只能使用一个单引号，在一个单引号中使用逗号隔开

```mysql
create table t_6(
    hobby set('哲学','经济学','文学','IT','数学','绘画')
    );
select * from t_6;
# 结果如下
+---------+
| hobby   |
+---------+
| 数学,IT |
+---------+
```



## 日期和时间类型

| 类型      | 大小 ( bytes) | 范围                                                         | 格式                | 用途                     |
| --------- | ------------- | ------------------------------------------------------------ | ------------------- | ------------------------ |
| DATE      | 3             | 1000-01-01/9999-12-31                                        | YYYY-MM-DD          | 日期值                   |
| TIME      | 3             | '-838:59:59'/'838:59:59'                                     | HH:MM:SS            | 时间值或持续时间         |
| YEAR      | 1             | 1901/2155                                                    | YYYY                | 年份值                   |
| DATETIME  | 8             | 1000-01-01 00:00:00/9999-12-31 23:59:59                      | YYYY-MM-DD HH:MM:SS | 混合日期和时间值         |
| TIMESTAMP | 4             | 1970-01-01 00:00:00/2038结束时间是第 **2147483647** 秒，北京时间 **2038-1-19 11:14:07**，格林尼治时间 2038年1月19日 凌晨 03:14:07 | YYYYMMDD HHMMSS     | 混合日期和时间值，时间戳 |

```mysql
create table t_7 (
    createdTime datetime
    );
insert into t_7 values ('2021-02-23 19:03:45'); # 这里不要忘了加引号

# 结果如下
select * from t_7;
+---------------------+
| createdTime         |
+---------------------+
| 2021-02-23 19:03:45 |
+---------------------+
1 row in set (0.00 sec)
```





# 列属性完整性



## 主键（primary key）

> 唯一的，必须要有，用来标识唯一
>
> 一个表里只有一个主键，但一个主键可以由多个字段组成
>
> 一个表里的主键可能和其他表还有关系

### 添加主键

```mysql
# 给id添加主键
alter table t_8 add primary key (id);
```



### 消除主键

```mysql
# 删除表中某个字段的主键
alter table t_8 drop primary key;
```



### 组合键

> 两个（多个）字段做成了一个主键
>
> 作用不大

```mysql
# 可以创建的时候给多个primary key
# 也可以像下面这样添加
alter table t_8 add primary key (id, name);
```

作用：id，昵称都是唯一的，可以用这种方法

但是，这种方法的扩展性不是太好



## 唯一键（unique）

> 可以与表里的其他字段没有关系，可以为空
>
> 一个表里可以有多个唯一键

唯一键的用处：**保证数据不能重复**

唯一键只在这一张表里凑热闹

### 添加唯一键

```mysql
# 创建时直接添加
create table t_9 (
    id int primary key auto_increment,
    phone varchar(20) unique
    );
    
```



### 查看唯一键

```mysql
desc t_9;
show create table t_9;
```



### 唯一键扩展（一般不用）MUL

```mysql
# 创建时添加多个
# alter添加多个
alter table t_9 add unique (name, phone);

关键字 MUL
```



### 删除唯一键

```mysql
# 删除了phone的唯一键
alter table t_9 drop index phone;
```

**主键不能用此方式删除！！**





## 主键和唯一键的区别

- 主键
  - 不能重复
  - 不能空
  - 主键可能被其他的表引用
- 唯一键
  - 不能重复
  - 可以为空
  - 唯一键只在自己的表中折腾



## SQL语句注释

```mysql
# 单行注释

# ......

-- ......

# 多行注释

/* ......
.....
*/

# SQL内注释,给管理员看的
comment '...'
```



## 设计数据库

1. 应当有一个主键，可能用自动增长。（保证实体完整性）；保证数据类型是对的；有些字段可以为空，有些字段不能为空，要有一个约束
2. 考虑default的应用。比如考试学生没来，应该是默认缺考，而不是零分；或者原因未知等。
3. 可能需要外部引用





## 外键

> 主表和从表之间有联系的关键字时，创建从表时要声明外键
>
> 实际开发，并发处理，禁止使用外键

外键对主表和从表的约束

1. 对主表：**当主表的外键在从表中被引用时**，不能写（更改和删除）主表中的外键相关的字段，但是其他的字段可以写。（如学生表中的学号和食堂记录表中的学号捆绑为外键，当学号为3的学生在食堂记录表中被引用三时，不能更改学生表中学号为3学生的学号，但是可以更改其姓名）
2. 对从表：不能添加主表中没有的外键数据（主表中学生编号就到5，那么从表中不能添加编号为6的学生的购买记录）



### 严格操作



#### 创建表时添加外键

```mysql
# 主表创建
create table stu(
    stuId int(4) primary key,
    name varchar(20)
    );
    
# 从表创建
create table eatery(
    id int primary key,
    money decimal(10,4),
    stuId int(4),
    foreign key (stuId) references stu(stuId)); # 创建表的时候添加外键
    
```



#### 创建之后添加外键（维护时才用到）

```mysql
create table eatery_2 (
    id int(4) primary key,
    money decimal(10,4),
    stuId int(4)
    );
alter table eatery_2 add foreign key (stuId) references stu (stuId);
```



#### 删除外键

```mysql
# 首先要查看外键在表中的名称，使用以下命令
show create table eatery_2 ;

# 根据表中显示的外键的名称进行删除操作
alter table eatery_2 drop foreign key eatery_2_ibfk_1;

```



### 置空操作

主表中的绑定外键的数据被干掉了，那么从表中于其绑定为外键的关键字都置为null，但是从表中的数据保持不变。（置空是不可逆的）



### 级联操作

主表中被绑定的外键被干掉了，那么从表中与其相关的字段和数据都删除了，而不是置为null。比较狠



*一般情况下，置空操作是留给外界删除数据的；级联操作是留给外界更新数据的。*

***一般都是在创建表是设置其是否有置空和级联操作***



### 置空操作和级联操作的使用

```mysql
create table eatery(
    id int(11) primary key,
    money decimal(10,4),
    stuId int(4),
    foreign key (stuId) references stu (stuId) on delete set null on update cascade
    );
-- 此时就创建了一个具有置空操作和级联操作的表
```





# 数据库设计思维



## 关系？行？列？

关系？ 关系型数据库  两张表的共有字段去确定数据的完整性

行？  一条数据  一条数据记录  实体

列？  一个字段  属性

OOP



## 实体和实体之间的关系

一对一

多对一

一对多

多对多





## 规范约束（Codd三范式）

1. 确保每列的原子性：确保每一列不能再分了。（如持续时间2018-2019，这是不对的，应该再分两个字段：开始时间2018，结束时间2019）
2. 非键字段只能依赖于键字段，一张表只能描述一件事情，不能扯淡
3. 消除传递依赖（如当表里有语文、数学、英语成绩时，没必要再设计一个总分栏目了，但高考成绩表这种特殊情况除外，因为有很多人都会查这个总成绩）





# 查询语句



## 单表查询

#### select

```mysql
select 2*7 as result; -- as可以省略。起别名，表中只有一个字段时可以这么写
+--------+
| result |
+--------+
|     14 |
+--------+
```

查询时可以使用列别名，可以加as也可以不加as（省略as）

escape ' \ ' 表示 \ 为转码符

```mysql
select cno,ccredit from course where cname like 'DB\_design' escape '\';
```





#### from

```mysql
select * from ...
select * from t_1,t_2; -- 返回两表t_1,t_2的笛卡尔积
```



#### dual

```mysql
# 伪表  完整的语句应当如下
select 2*7 as result from dual;
```



#### where

```mysql
-- 条件选择  就是一个按条件查询
select * from teacher where = != and or not >= <= 
```

and的优先级高于or

#### in

```mysql
-- 在其中，不在其中 in   not in 
select * from stu where name in ('shenchen','xiaohuixin');
```



#### between...and...

```mysql
-- 在两者之间（包括两者）     前面可以加上not
select * from stu where stuId between 2 and 4;
```

左闭右闭

#### is null

```mysql
-- 某个字段为null，不能用=null， 而应当用关键字is null    前面可以加not
select * from stu where name is null;
```



#### 聚合函数

```mysql
-- 求某一列数据的和，最大值，最小值，平均值,计数等等
select sum(chinese) from score;
max()
min()
avg()
count()
```



#### 模糊查询

```mysql
-- %代表多个字符  _代表一个字符
select * from student where name like 'j%';
-- 不区分大小写 
```

模糊查询时，必须使用like，不能使用=



#### order by 排序

```mysql
-- asc升序   desc降序
select * from student order by chinese asc;
```

缺省的时候，默认为升序

- asc：排序列为空值的元组最后显示
- desc：排序列为控制的元组最先显示



#### group查询

> group by 后面跟的是查询后面的字段之一

使用`group by`，查询的字段必须是分组字段和聚合函数

如要查询这张表里，男性的平均年龄和女性的平均年龄

```mysql
select avg(age) as '年龄', gender as '性别' from info group by gender desc;
# desc或者asc可以不要
```



**group_concat()** **查询** 

```mysql
select group_concat(name),gender from student group by gender;
# 查询所有男生，女生的名字，合起来显示
```



注意：

- 未对查询结果分组，聚集函数将作用与整个查询结果
- 对查询结果分组后，聚集函数将分别作用于每个组。



#### having

> 两个条件语句：where   having

比如，我们想查一下根据地区计算年龄平均值后，查找平均值大于24的地区，这时我们已经查出了一个虚拟的表，表里是地区和该地区的平均年龄。这时我们若再使用`where age > 24`这条语句，查询的结果是原始表中`age>24` 的人的地区，这不是我们想要的

`where` 是在原本的表中去进行筛选，

`having` 是在查询之后的结果的表中（虚拟表），再进行筛选，此时的字段，要使用虚拟表中的字段，因此查询虚拟表的时候，最好不要使用中文名。`having` 后面可以直接跟原名`avg(age)`，若起了别名可以跟别名，也可以跟原名。



#### limit

> 限定查找的范围
>
> 可以结合order by 使用

查找从某一名开始，连续的几名。若只给一个数字，则默认从0开始。（也就是从第一位开始查，和C语言中数组的第一个元素下标为0相对应）

```mysql
select * from info order by age desc limit 3 # 把info表中的数据俺age降序排序，并查找前三项
# 也就是查找该表中年龄最大的三个人
```



这些都是常用的条件限制语句：where，having，limit



#### distinct

> 去重，在筛选的结果中去掉重复的

显示这张表里所有出现的城市，但是不能出现两个上海，即不能重复

查谁之前写一个`distinct`  代表去重

查询该表中不同的地址有多少个：

```mysql
select count(distinct address) from info;
```

默认情况下其实是`all` ,只不过一般默认情况都忽略了



#### union

联合查询只要求字段一样，与数据类型和顺序无关

将两个表查询的数据联合显示

```mysql
select id,addrid,sex,score 
from student 
union all 
select sex,addrid,id,score 
from student;
```





## 多表查询

#### inner join(内连接)

> 两张表使用相同的公共字段进行联合查询

两表联合查询，如Student表中存储了学生的信息，表中的id为学生的学号；表score中存储了学生的成绩信息，该表中的id为score表中的编号，而stuid才是学生的学号，所以使用如下语句对名字和成绩进行联合查询

```mysql
select name,score from score inner join student on score.stuid=student.id;
```

注意：

- id和stuid前面必须要加是哪一张表，不能省去
- 若有三张表，则后面继续加inner join



##### using

> 当连接的表有多个字段相同时，用来指定连接的字段

但此时处理方式和natural相同了

不太推荐





#### left join

> 左连接，以左表为基准       以左排头为基准，向左看齐

左表：`from` **后面的第一张表，就是左表**，（也是left join左边的那张表）以它为基准，即使辅表中没有相关的数据，也要将左表中要查询的信息给出来

```mysql
select name,score from student left join score on score.stuid=student.id;
+-------+-------+
| name  | score |
+-------+-------+
| James |    89 |
| Curry |    80 |
| Jiuo  |    75 |
| Jerry |  NULL |
+-------+-------+
```



#### right join

> 以右排头为基准，向右看齐

以right join右边的表为基准

```mysql
select name,score from student right join score on score.stuid=student.id;
+-------+-------+
| name  | score |
+-------+-------+
| James |    89 |
| Curry |    80 |
| Jiuo  |    75 |
| NULL  |    86 |
+-------+-------+
```



内连接和向左看齐  比较实用



#### cross join

> 交叉连接 ，返回两表的笛卡尔积

```mysql
select * from student cross join score;
```



#### natural join

> 自然连接？     自然内连接

类似于内连接，查询两个表的公共字段，**保证两张表中公共的字段名一模一样**，如两张表中都叫id

```mysql
select * from student natural join score;
```

只是简单地合起来

**注意**：

1. 若查询的两表中没有相同的字段名称，则返回两表的笛卡尔积
2. 若查询的两表中有多个相同的字段名称，则返回空



还会有自然左连接和自然右连接



在实际使用时，一般都写全，很少用自然连接，using，这样可读性也不好





## 子查询

#### in&not in

先给一个子查询的实例

查score表中成绩大于等于80分的学生的信息（储存在student表中）

```mysql
select * from student where id in (select stuid from score where score>=80);
+------+-------+--------+------+-----------+
| id   | name  | gender | age  | phone     |
+------+-------+--------+------+-----------+
|    1 | James | 男     |   35 | 1565465   |
|    3 | Curry | 女     |   30 | 245344565 |
+------+-------+--------+------+-----------+
```

括号里的查询只能返回一个字段**stuid**，而不能是*，若返回值不止一个，则要使用`in`，若返回值只有一个，则可以使用`=`       一般情况下都使用`in` 

有`in`就有`not in `   

#### exists&not exists

若查出括号里有值，则进行括号外面的查找操作

比如，这个班里有一个人考了一百分，则这个班里每个人都发一个红包（扯淡需求）

```mysql
select * from student where exists (select stuid from score where score>=80);
```





# 高级部分

## 视图

作用：

1. 防止用户看到敏感数据（比如某人在银行账户上存了多少钱）
2. 有意的隐藏表的结构
3. 降低了sql的复杂度



视图和函数有类似的意思，但是它不是函数



### 创建视图

```mysql
create view vw_stu as select name,phone from student;

create view vw_stu_all as select name,phone,score from student inner join score on student.id=score.stuid;
```



### 使用视图

```mysql
select * from vw_stu;
select * from vw_stu_all;
```

在可视化窗口中，创建视图后，直接双击视图就可以查询，这和`select * from vw_stu`是等价的



### 显示视图

在终端中显示当前视图

```mysql
desc tables;
```

默认显示视图

所以如果要区分table和view的话，view前面一定要加上前缀vw

还可以使用如下语句：

```mysql
desc vw_stu;
show create view vw_stu;
```



还有一种赋予b格的显示方式

```mysql
show table status where comment='view' \G
```



### 更改视图

把`create`改成`alter`，后面跟create的语句一样，赋给它新的功能即可。



### 删除视图

把`create` 改成`drop`，删去`as`及其后面的语句即可



### 视图的两种算法

有两种算法：MERGE, TEMPTABLE

把子查询用到视图里，发现结果和想象的不一样？？与视图算法有关

```mysql
create view vw_stu_zi as select * from student where id in (select stuid from score where score>=85);
select * from view_stu_zi; 
# 此时却显示
ERROR 1146 (42S02): Table 'frank_school.view_stu_zi' doesn't exist
```

此时要设置一个`temptable` 的视图算法

在创建视图时设计视图算法

```MYSQL
create algorithm=temptable view vw_stu_zi as select * from student where id in (select stuid from score where score>=85);
mysql> select * from vw_stu_zi;
# 此时就可以正常显示了
+------+-------+--------+------+---------+
| id   | name  | gender | age  | phone   |
+------+-------+--------+------+---------+
|    1 | James | 男     |   35 | 1565465 |
+------+-------+--------+------+---------+
```





## 事务

> 操作比较严谨的，跟钱打交道的

点立即购买，没付款，钱去哪了？

转账，最后再提醒一次，是不是这个卡号，点了确定，才把钱转出去

难道每一次买东西都给阿里增加一条数据吗？你买一个东西，马上给人家增加50块钱？再退款，再update？

总有一个步骤，确定一定以及肯定之后，才能更新这个数据，我们管它叫做事务，transaction



### 开启事务

```mysql
start transaction;
update wallet set balance=balance-50 where id=1;
update wallet set balance=balance+50 where id=2;


# 提交事务，相当于  你确定吗？
commit;
```

只要你`commit`，就不能再`rollback`

从事务开始的时候，随时随地可以`rollback`，但是一但`commit`，就不能再`rollback`了。最好的例子就是，淘宝发货，你付款，收货。

所以在公司里，一般遇到金额转账，跟钱有关的，一般都用`transaction`



#### rollback to

> 设置回滚点，使用savepoint操作

```mysql
start transaction;
insert into wallet values(4,1000);
savepoint four;
insert into wallet values(5,19999);
rollback to four;
commit;
select * from wallet;
+----+-----------+
| id | balance   |
+----+-----------+
|  1 |     56.00 |
|  2 |    883.00 |
|  3 | 888888.00 |
|  4 |   1000.00 |
+----+-----------+
# 整个过程就像虚拟机里面的还原到某个点
```



### 事务的四个特性ACID

- atomicity      原子性   不能再分了，事务是一个整体，要死一起死，要活一起活
- consistency  一致性   事务一但commit，数据也一定要达到一致的状态，所有的数据都应该是正常的
- isolation       隔离性   所有的事务都是相互隔离的
- durability      持久性   事务一但commit，就不能再更改了，在数据库中永久的写存



注意：必须保证引擎是innodb，才能使用事务





## 索引(index)

优点：查询速度快

缺点：

1. 一旦设置索引，数据的增删改，效率都会变低，而且变得不是一般的低。
2. 索引还占空间

所以有些东西设置成索引，有些东西强制不能设置成索引，有些大公司明确要求



### 四种类型

1. 主键索引：primary key
2. 唯一键索引：
3. 普通索引
4. 全文索引：搜索引擎使用，mysql不支持中文的全局索引，但是可以使用sphinx

### 设置索引

添加表时设置  不常用



#### 创建一个普通索引  常用

```mysql
create index balance_index on wallet(balance);
```



#### 设置一个唯一索引

随便设的

```mysql
create unique index myindex on stu(name);
```

![image-20220403203218438](C:\Users\s'c\AppData\Roaming\Typora\typora-user-images\image-20220403203218438.png)

可以为多个列创建索引

不说的话，默认是按照升序排列（前两个）



#### 设置一个主键索引

```mysql
create primary key index myindex on stu(id);
```



#### 修改索引

```mysql
alter table stu add index myindex1 (stuId);
```



#### 删除索引

```mysql
drop index balance_index on wallet;
```



为什么要创建索引？

- 经常要查这一列，比如高考总分
- 共用字段，可能创建索引

注意：

- 表里数据非常少，千万不要创建索引    神经病行为
- 还有性别，这种，种类很少，不要创建索引



#### 聚簇索引

```mysql
create cluster index Stusname on Student(Sname);
```

在Student表的Sname列上建立一个聚簇索引

- 在最经常查询的列上建立聚簇索引以提高查询效率
- 一个基本表上最多只能建立一个聚簇索引。
- 经常更新的列不宜建立聚簇索引





问题：

索引怎么用？？？





## 存储过程

> 一般开发用不到

#### Introduction

用来模块化设计  DBA用的

可以用来增删改查，可以支持事务，相当于sql里的函数



给一个案例，双十一了，淘宝想把所有人的账户都给发一个红包，把所有人的头像都改了，这操作用视图肯定不行，因为视图只能查，明显用存储过程。这个存储过程，双十一之前DBA先写好，然后回家睡觉。双十一了，马云打电话说，赶紧发红包，改头像23：59，打开笔记本，执行存储过程，他就会默认执行之前设置过的`sql`，就不用再一点一点去写了，就相当于调用一个函数一样。



在`mysql`中，每一个`;`就相当于一个语句，执行完直接发送服务器了，有点类似`matlab` 中的命令行。但是执行下述语句之后

```mysql
delimiter //
```

分号此时没用了，只有使用`//`才能把语句发出去，去执行它

用完存储过程之后，再进行还原也可以

```mysql
delimiter ;
```



存储过程里肯定有多个sql语句，之间用`;`隔开

在存储过程中，最好使用transaction，这样比较符合常规



#### 建立存储过程

```mysql
mysql> create procedure proc()
    -> begin
    -> start transaction;
    -> update wallet set balance=balance+50;
    -> commit;
    -> end //
    # 此存储过程的功能是给账户上增加50块钱
```

#### 调用存储过程

```mysql
call proc();
```

#### 删除存储过程

```mysql
drop procedure proc;
```

#### 查看存储过程

```mysql
show create procedure proc;
```



#### 显示数据库里的所有存储过程

```mysql
show procedure status \G
```







# 有趣的函数



## number

### rand()

> 生成一个随机数

```mysql
select rand();
```



### 抽奖

```mysql
select * from student order by rand() limit 3;
# 抽三个人
```





#### 向上取整

```mysql
select ceil(3.1);
```



#### 四舍五入

```mysql
select round(3.1);
```



#### 向下取整

```mysql
select floor(3.1);
```



#### 截取数字

```mysql
select truncate(3.141592654,2);
```



#### 随机排序

```mysql
select * from student order by rand();
```





## string

#### 转换成大写

```mysql
select ucase('fuck!');
```



#### 转换成小写

```mysql
select lcase('FUCK!');
```



#### 截取字符串

```mysql
select left('FUCK!',2);
select right('FUCK!',2);

# 从中间截取
select substring('FUCK!',2,3);
```



#### 拼接字符串

```mysql
select concat('FUCK!','ASDFSDF');
```

补充：concat的有趣用法

```mysql
select concat(name,'|',age) from student;
+----------------------+
| concat(name,'|',age) |
+----------------------+
| James|35             |
| Jerry|34             |
| Curry|30             |
| Jiuo|30              |
+----------------------+
```









